store_code,page_url,check,field,severity,message,detail
NG-KENS,https://yourdomain.com/locations/kensington,PHONE_SCHEMA,phone,fail,Telephone differs: profile 403-555-0120 vs JSON-LD 403-555-0129,
NG-KENS,https://yourdomain.com/locations/kensington,PHONE_VISIBLE,phone,warn,Primary phone 403-555-0120 is not visible; page shows 403.555.0129,
NG-KENS,https://yourdomain.com/locations/kensington,HOURS_WEEKLY_SCHEMA,hours,fail,Weekly hours differ on 1 day(s),Saturday: profile 10:00–14:00 vs page 10:00–16:00
NG-KENS,https://yourdomain.com/locations/kensington,HOURS_WEEKLY_VISIBLE,hours,warn,Visible weekly hours differ on 1 day(s) (text reader is heuristic),Saturday: profile 10:00–14:00 vs page 10:00–16:00
NG-KENS,https://yourdomain.com/locations/kensington,SPECIAL_SCHEMA,special hours,fail,The page's dated hours contradict the profile on 3 date(s) in the next 45 days,2026-12-24 (Thu): profile 09:00–17:00 vs page 09:00–12:00 | 2026-12-25 (Fri): profile 09:00–17:00 vs page Closed | 2026-12-26 (Sat): profile 10:00–14:00 vs page Closed
NG-KENS,https://yourdomain.com/locations/kensington,SPECIAL_VISIBLE,special hours,warn,Visible holiday hours differ on 1 date(s) (text reader is heuristic),2026-12-26 (Sat): profile 10:00–14:00 vs page 10:00–16:00
NG-KENS,https://yourdomain.com/locations/kensington,SCHEMA_EXPIRED,special hours,info,1 date-scoped JSON-LD rule(s) ended before 2026-11-20,2026-07-01 → 2026-08-31
NG-KENS,https://yourdomain.com/locations/kensington,GOOGLE_UPDATES,google updates,fail,1 pending Google update(s) are backed by this page — accept them in the profile or fix the page,Primary phone: profile 403-555-0120 · Google 403-555-0129 · page 403-555-0129
NG-AIRP,https://yourdomain.com/locations/airport-storage,HOURS_WEEKLY_SCHEMA,hours,fail,Weekly hours differ on 7 day(s),"Monday, Tuesday, Wednesday, Thursday, Friday, Saturday, Sunday: profile Open 24 hours vs page Closed — looks like the 00:00–00:00 trap: in the profile it means open 24 hours, in JSON-LD it means closed"
NG-AIRP,https://yourdomain.com/locations/airport-storage,PAGE_CONSISTENCY,hours,warn,The page contradicts itself on 7 weekday(s) — fix this whatever the profile says,Monday: JSON-LD Closed vs visible text Open 24 hours | Tuesday: JSON-LD Closed vs visible text Open 24 hours | Wednesday: JSON-LD Closed vs visible text Open 24 hours | Thursday: JSON-LD Closed vs visible text Open 24 hours | Friday: JSON-LD Closed vs visible text Open 24 hours | Saturday: JSON-LD Closed vs visible text Open 24 hours | Sunday: JSON-LD Closed vs visible text Open 24 hours
NG-AIRP,https://yourdomain.com/locations/airport-storage,GOOGLE_UPDATES,google updates,fail,1 pending Google update(s) are backed by this page — accept them in the profile or fix the page,Sunday hours: profile Open 24 hours · Google Closed ([DELETED]) · page Closed
NG-DTWN,https://yourdomain.com/locations/downtown,LD_ENTITY,structured data,warn,No LocalBusiness JSON-LD on this page — structured-data comparisons skipped,
NG-DTWN,https://yourdomain.com/locations/downtown,URL_PROFILE,url,info,"Profile website points to https://yourdomain.com/, not to this page",
NG-DTWN,https://yourdomain.com/locations/downtown,SPECIAL_VISIBLE,special hours,warn,Visible holiday hours differ on 1 date(s) (text reader is heuristic),2026-12-25 (Fri): profile Closed vs page 08:30–17:00
NG-MAHG,https://yourdomain.com/locations/mahogany,HOURS_WEEKLY_SCHEMA,hours,warn,JSON-LD has no hours for: Sunday,
NG-MAHG,https://yourdomain.com/locations/mahogany,HOURS_SCHEMA_SOURCE,hours,info,"Weekly hours were read from the text property ""openingHours""; Google documents openingHoursSpecification, which the fix below writes",
NG-MAHG,https://yourdomain.com/locations/mahogany,HOURS_WEEKLY_VISIBLE,hours,warn,Visible weekly hours differ on 5 day(s) (text reader is heuristic),"Monday, Tuesday, Wednesday, Thursday, Friday: profile 09:00–17:00 vs page 09:00–18:00"
NG-MAHG,https://yourdomain.com/locations/mahogany,SPECIAL_UNDECLARED,special hours,warn,"3 profile holiday/special date(s) are not declared on the page (it has no dated hours at all), so its regular hours apply to them",2026-12-24 (Thu): profile 09:00–12:00 vs page 09:00–17:00 | 2026-12-25 (Fri): profile Closed vs page 09:00–17:00 | 2026-12-26 (Sat): profile Closed vs page 10:00–14:00
NG-MAHG,https://yourdomain.com/locations/mahogany,SPECIAL_VISIBLE,special hours,warn,Visible holiday hours differ on 3 date(s) (text reader is heuristic),2026-12-24 (Thu): profile 09:00–12:00 vs page 09:00–18:00 | 2026-12-25 (Fri): profile Closed vs page 09:00–18:00 | 2026-12-26 (Sat): profile Closed vs page 10:00–14:00
NG-MAHG,https://yourdomain.com/locations/mahogany,PAGE_CONSISTENCY,hours,warn,The page contradicts itself on 5 weekday(s) — fix this whatever the profile says,Monday: JSON-LD 09:00–17:00 vs visible text 09:00–18:00 | Tuesday: JSON-LD 09:00–17:00 vs visible text 09:00–18:00 | Wednesday: JSON-LD 09:00–17:00 vs visible text 09:00–18:00 | Thursday: JSON-LD 09:00–17:00 vs visible text 09:00–18:00 | Friday: JSON-LD 09:00–17:00 vs visible text 09:00–18:00
NG-MAHG,https://yourdomain.com/locations/mahogany,GOOGLE_UPDATES_REJECT,google updates,warn,"1 pending Google update(s) contradict this page — the page supports your values, so review and reject them",Saturday hours: profile 10:00–14:00 · Google Closed ([DELETED]) · page 10:00–14:00
